-- MySQL dump 10.13  Distrib 5.1.58, for debian-linux-gnu (x86_64)
--
-- Host: localhost    Database: flags
-- ------------------------------------------------------
-- Server version	5.1.58-1

/*!40101 SET @OLD_CHARACTER_SET_CLIENT=@@CHARACTER_SET_CLIENT */;
/*!40101 SET @OLD_CHARACTER_SET_RESULTS=@@CHARACTER_SET_RESULTS */;
/*!40101 SET @OLD_COLLATION_CONNECTION=@@COLLATION_CONNECTION */;
/*!40101 SET NAMES utf8 */;
/*!40103 SET @OLD_TIME_ZONE=@@TIME_ZONE */;
/*!40103 SET TIME_ZONE='+00:00' */;
/*!40014 SET @OLD_UNIQUE_CHECKS=@@UNIQUE_CHECKS, UNIQUE_CHECKS=0 */;
/*!40014 SET @OLD_FOREIGN_KEY_CHECKS=@@FOREIGN_KEY_CHECKS, FOREIGN_KEY_CHECKS=0 */;
/*!40101 SET @OLD_SQL_MODE=@@SQL_MODE, SQL_MODE='NO_AUTO_VALUE_ON_ZERO' */;
/*!40111 SET @OLD_SQL_NOTES=@@SQL_NOTES, SQL_NOTES=0 */;

--
-- Table structure for table `answers`
--

DROP TABLE IF EXISTS `answers`;
/*!40101 SET @saved_cs_client     = @@character_set_client */;
/*!40101 SET character_set_client = utf8 */;
CREATE TABLE `answers` (
  `answer` varchar(255) NOT NULL,
  `action` varchar(255) NOT NULL,
  `count` int(11) NOT NULL DEFAULT '0',
  `first` timestamp NOT NULL DEFAULT CURRENT_TIMESTAMP ON UPDATE CURRENT_TIMESTAMP,
  PRIMARY KEY (`answer`)
) ENGINE=MyISAM DEFAULT CHARSET=latin1;
/*!40101 SET character_set_client = @saved_cs_client */;

--
-- Dumping data for table `answers`
--

LOCK TABLES `answers` WRITE;
/*!40000 ALTER TABLE `answers` DISABLE KEYS */;
INSERT INTO `answers` VALUES ('Rejected','wrong',177,'2011-11-15 17:12:10'),('Too many flags','resubmitting',48,'2011-11-15 17:12:09'),('Not a flag','wrong',201,'2011-11-15 17:14:55'),('Accepted','ok',45,'2011-11-15 17:12:08');
/*!40000 ALTER TABLE `answers` ENABLE KEYS */;
UNLOCK TABLES;

--
-- Table structure for table `flags`
--

DROP TABLE IF EXISTS `flags`;
/*!40101 SET @saved_cs_client     = @@character_set_client */;
/*!40101 SET character_set_client = utf8 */;
CREATE TABLE `flags` (
  `flag` varchar(255) CHARACTER SET utf8 NOT NULL,
  `from` varchar(255) CHARACTER SET utf8 NOT NULL,
  `answer` varchar(255) CHARACTER SET utf8 NOT NULL,
  `resubmit` tinyint(1) NOT NULL,
  `isok` tinyint(1) NOT NULL DEFAULT '0',
  `addtime` timestamp NOT NULL DEFAULT CURRENT_TIMESTAMP,
  `anstime` timestamp NOT NULL DEFAULT '0000-00-00 00:00:00',
  PRIMARY KEY (`flag`),
  KEY `from` (`from`,`resubmit`,`addtime`,`anstime`)
) ENGINE=MyISAM DEFAULT CHARSET=latin1;
/*!40101 SET character_set_client = @saved_cs_client */;

--
-- Dumping data for table `flags`
--

LOCK TABLES `flags` WRITE;
/*!40000 ALTER TABLE `flags` DISABLE KEYS */;
INSERT INTO `flags` VALUES ('qwrgqeh','::1','Not a flag',0,0,'2011-02-23 22:23:54','2011-11-15 19:15:33'),('qe','::1','Not a flag',0,0,'2011-02-23 22:23:54','2011-11-15 19:33:14'),('h','::1','Not a flag',0,0,'2011-02-23 22:23:54','2011-11-15 19:33:22'),('qtech','::1','Not a flag',0,0,'2011-02-23 22:23:54','2011-11-15 19:33:14'),('cqetcmh','::1','Not a flag',0,0,'2011-02-23 22:23:54','2011-11-15 19:15:45'),('mcqe','::1','Not a flag',0,0,'2011-02-23 22:23:54','2011-11-15 19:33:16'),('mc','::1','Not a flag',0,0,'2011-02-23 22:23:54','2011-11-15 19:15:45'),('tehmq','::1','Not a flag',0,0,'2011-02-23 22:23:54','2011-11-15 19:15:46'),('c','::1','Not a flag',0,0,'2011-02-23 22:23:54','2011-11-15 19:15:45'),('qethmc','::1','Not a flag',0,0,'2011-02-23 22:23:54','2011-11-15 19:33:22'),('thmqe','::1','Not a flag',0,0,'2011-02-23 22:23:54','2011-11-15 19:15:45'),('cmh','::1','Not a flag',0,0,'2011-02-23 22:23:54','2011-11-15 19:15:44'),('qmet','::1','Not a flag',0,0,'2011-02-23 22:23:54','2011-11-15 19:15:33'),('hqetmh','::1','Not a flag',0,0,'2011-02-23 22:23:54','2011-11-15 19:15:34'),('cemqmc','::1','Not a flag',0,0,'2011-02-23 22:23:54','2011-11-15 19:15:33'),('mqh','::1','Not a flag',0,0,'2011-02-23 22:23:54','2011-11-15 19:15:33'),('mch','::1','Not a flag',0,0,'2011-02-23 22:23:54','2011-11-15 19:15:34'),('qemtc','::1','Not a flag',0,0,'2011-02-23 22:23:54','2011-11-15 19:15:34'),('mhqet','::1','Not a flag',0,0,'2011-02-23 22:23:54','2011-11-15 19:15:34'),('mhqe','::1','Not a flag',0,0,'2011-02-23 22:23:54','2011-11-15 19:33:27'),('hqme','::1','Not a flag',0,0,'2011-02-23 22:23:54','2011-11-15 19:15:44'),('ch','::1','Not a flag',0,0,'2011-02-23 22:23:54','2011-11-15 19:15:46'),('grqqgqwrhm','::1','Not a flag',0,0,'2011-02-23 22:24:20','2011-11-15 19:15:48'),('mq','::1','Not a flag',0,0,'2011-02-23 22:24:20','2011-11-15 19:15:47'),('mh','::1','Not a flag',0,0,'2011-02-23 22:24:20','2011-11-15 19:15:49'),('qwm','::1','Not a flag',0,0,'2011-02-23 22:24:20','2011-11-15 19:33:22'),('m','::1','Not a flag',0,0,'2011-02-23 22:24:20','2011-11-15 19:15:48'),('qwmh','::1','Not a flag',0,0,'2011-02-23 22:24:20','2011-11-15 19:15:47'),('qmw','::1','Not a flag',0,0,'2011-02-23 22:24:20','2011-11-15 19:15:48'),('hm','::1','Not a flag',0,0,'2011-02-23 22:24:20','2011-11-15 19:15:48'),('qwmr','::1','Not a flag',0,0,'2011-02-23 22:24:20','2011-11-15 19:15:49'),('12542145','178.47.195.49','Rejected',0,0,'2011-02-23 22:24:44','2011-11-15 19:15:50'),('1246','178.47.195.49','Rejected',0,0,'2011-02-23 22:24:44','2011-11-15 19:15:51'),('31','178.47.195.49','Rejected',0,0,'2011-02-23 22:24:44','2011-11-15 19:32:43'),('5613','178.47.195.49','Rejected',0,0,'2011-02-23 22:24:44','2011-11-15 19:32:42'),('5','178.47.195.49','Rejected',0,0,'2011-02-23 22:24:44','2011-11-15 19:32:43'),('67','178.47.195.49','Rejected',0,0,'2011-02-23 22:24:44','2011-11-15 19:33:23'),('1357','178.47.195.49','Rejected',0,0,'2011-02-23 22:24:44','2011-11-15 19:33:15'),('1','178.47.195.49','Accepted',0,1,'2011-02-23 22:24:44','2011-11-15 19:32:42'),('2','178.47.195.49','Rejected',0,0,'2011-02-23 22:24:44','2011-11-15 19:32:42'),('3','178.47.195.49','Rejected',0,0,'2011-02-23 22:24:44','2011-11-15 19:32:39'),('4','178.47.195.49','Accepted',0,1,'2011-02-23 22:24:44','2011-11-15 19:15:52'),('6','178.47.195.49','Rejected',0,0,'2011-02-23 22:24:44','2011-11-15 19:32:39'),('7','178.47.195.49','Rejected',0,0,'2011-02-23 22:24:44','2011-11-15 19:15:50'),('8','178.47.195.49','Rejected',0,0,'2011-02-23 22:24:44','2011-11-15 19:15:51'),('9','178.47.195.49','Accepted',0,1,'2011-02-23 22:24:44','2011-11-15 19:33:19'),('10','178.47.195.49','Rejected',0,0,'2011-02-23 22:24:44','2011-11-15 19:15:50'),('11','178.47.195.49','Rejected',0,0,'2011-02-23 22:24:44','2011-11-15 19:33:21'),('12','178.47.195.49','Rejected',0,0,'2011-02-23 22:24:44','2011-11-15 19:15:51'),('13','178.47.195.49','Rejected',0,0,'2011-02-23 22:24:44','2011-11-15 19:15:51'),('136','178.47.195.49','Rejected',0,0,'2011-02-23 22:24:44','2011-11-15 19:32:42'),('13613561','178.47.195.49','Rejected',0,0,'2011-02-23 22:24:44','2011-11-15 19:33:18'),('14','178.47.195.49','Rejected',0,0,'2011-02-23 22:25:49','2011-11-15 19:32:45'),('15','178.47.195.49','Rejected',0,0,'2011-02-23 22:25:49','2011-11-15 19:32:43'),('16','178.47.195.49','Accepted',0,1,'2011-02-23 22:25:49','2011-11-15 19:33:25'),('173146c','178.47.195.49','Not a flag',0,0,'2011-02-23 22:25:49','2011-11-15 19:32:45'),('cqehc','178.47.195.49','Not a flag',0,0,'2011-02-23 22:25:49','2011-11-15 19:32:45'),('qhcqwec','178.47.195.49','Not a flag',0,0,'2011-02-23 22:25:49','2011-11-15 19:32:46'),('2dt4','178.47.195.49','Not a flag',0,0,'2011-02-23 22:25:49','2011-11-15 19:32:43'),('oicg43114','178.47.195.49','Not a flag',0,0,'2011-02-23 22:25:49','2011-11-15 19:33:26'),('25','178.47.195.49','Accepted',0,1,'2011-02-23 22:27:27','2011-11-15 19:32:46'),('36','178.47.195.49','Accepted',0,1,'2011-02-23 22:27:27','2011-11-15 19:32:49'),('49','178.47.195.49','Accepted',0,1,'2011-02-23 22:27:27','2011-11-15 19:32:49'),('58','178.47.195.49','Rejected',0,0,'2011-02-23 22:27:27','2011-11-15 19:33:16'),('64','178.47.195.49','Accepted',0,1,'2011-02-23 22:27:27','2011-11-15 19:32:47'),('81','178.47.195.49','Accepted',0,1,'2011-02-23 22:27:27','2011-11-15 19:33:19'),('100','178.47.195.49','Accepted',0,1,'2011-02-23 22:27:27','2011-11-15 19:33:16'),('1900','178.47.195.49','Rejected',0,0,'2011-02-23 22:27:27','2011-11-15 19:32:48'),('1000','178.47.195.49','Rejected',0,0,'2011-02-23 22:27:27','2011-11-15 19:32:46'),('10000','178.47.195.49','Accepted',0,1,'2011-02-23 22:27:27','2011-11-15 19:33:23'),('100000','178.47.195.49','Rejected',0,0,'2011-02-23 22:27:27','2011-11-15 19:32:46'),('1000000','178.47.195.49','Accepted',0,1,'2011-02-23 22:27:27','2011-11-15 19:32:49'),('14141','178.47.195.49','Rejected',0,0,'2011-02-23 22:29:06','2011-11-15 19:32:50'),('34','178.47.195.49','Rejected',0,0,'2011-02-23 22:29:06','2011-11-15 19:32:49'),('135','178.47.195.49','Rejected',0,0,'2011-02-23 22:29:06','2011-11-15 19:32:50'),('365','178.47.195.49','Rejected',0,0,'2011-02-23 22:29:06','2011-11-15 19:33:19'),('1365','178.47.195.49','Rejected',0,0,'2011-02-23 22:29:06','2011-11-15 19:32:50'),('142','::1','Rejected',0,0,'2011-02-23 22:39:50','2011-11-15 19:33:00'),('ct','::1','Not a flag',0,0,'2011-02-23 22:39:50','2011-11-15 19:33:24'),('134t','::1','Not a flag',0,0,'2011-02-23 22:39:50','2011-11-15 19:33:01'),('qw','::1','Not a flag',0,0,'2011-02-23 22:39:50','2011-11-15 19:33:17'),('ct35','::1','Not a flag',0,0,'2011-02-23 22:39:50','2011-11-15 19:33:01'),('yc35','::1','Not a flag',0,0,'2011-02-23 22:39:50','2011-11-15 19:33:01'),('cqwetc24tt','::1','Not a flag',0,0,'2011-02-23 22:39:50','2011-11-15 19:33:01'),('1244','::1','Rejected',0,0,'2011-02-23 22:39:50','2011-11-15 19:33:21'),('1111111111111','::1','Rejected',0,0,'2011-02-23 22:41:15','2011-11-15 19:33:02'),('123','94.51.245.141','Rejected',0,0,'2011-02-24 14:44:06','2011-11-15 19:33:02'),('test','188.19.188.208','Not a flag',0,0,'2011-03-01 14:00:33','2011-11-15 19:33:02'),('1\')on','195.218.191.171','Not a flag',0,0,'2011-03-01 14:09:46','2011-11-15 19:33:17'),('duplicate','195.218.191.171','Not a flag',0,0,'2011-03-01 14:09:46','2011-11-15 19:33:04'),('key','195.218.191.171','Not a flag',0,0,'2011-03-01 14:09:46','2011-11-15 19:33:04'),('update','195.218.191.171','Not a flag',0,0,'2011-03-01 14:09:46','2011-11-15 19:33:05'),('a=(select','195.218.191.171','Not a flag',0,0,'2011-03-01 14:09:46','2011-11-15 19:33:04'),('from(select','195.218.191.171','Not a flag',0,0,'2011-03-01 14:09:46','2011-11-15 19:33:05'),('count(*),concat(version(),floor(rand(0)*2))x','195.218.191.171','Not a flag',0,0,'2011-03-01 14:09:46','2011-11-15 19:33:03'),('from','195.218.191.171','Not a flag',0,0,'2011-03-01 14:09:46','2011-11-15 19:33:20'),('information_schema.tables','195.218.191.171','Not a flag',0,0,'2011-03-01 14:09:46','2011-11-15 19:33:04'),('group','195.218.191.171','Not a flag',0,0,'2011-03-01 14:09:46','2011-11-15 19:33:03'),('by','195.218.191.171','Not a flag',0,0,'2011-03-01 14:09:46','2011-11-15 19:33:24'),('x)a)--','195.218.191.171','Not a flag',0,0,'2011-03-01 14:09:46','2011-11-15 19:33:17'),('12esfd341\')on','195.218.191.171','Not a flag',0,0,'2011-03-01 14:09:56','2011-11-15 19:33:24'),('\');','195.218.191.171','Not a flag',0,0,'2011-03-01 14:10:30','2011-11-15 19:33:06'),('DELETE','195.218.191.171','Not a flag',0,0,'2011-03-01 14:10:30','2011-11-15 19:33:20'),('users;','195.218.191.171','Not a flag',0,0,'2011-03-01 14:10:30','2011-11-15 19:33:06'),('--','195.218.191.171','Not a flag',0,0,'2011-03-01 14:10:30','2011-11-15 19:33:06'),('\');%20DELETE%20FROM%20users;%20--','195.218.191.171','Not a flag',0,0,'2011-03-01 14:11:05','2011-11-15 19:33:06'),('<a%20href=\"http://lobotomy.me\">test</a>','195.218.191.171','Not a flag',0,0,'2011-03-01 14:12:27','2011-11-15 19:33:07'),('<img%20src=\"http://lobotomy.me/head2.gif\">','195.218.191.171','Not a flag',0,0,'2011-03-01 14:13:04','2011-11-15 19:33:19'),('<img%20src=\"http://lobotomy.me/head2.gif\"><img%20src=\"http://lobotomy.me/head2.gif\"><img%20src=\"http://lobotomy.me/head2.gif\"><img%20src=\"http://lobotomy.me/head2.gif\"><img%20src=\"http://lobotomy.me/head2.gif\"><img%20src=\"http://lobotomy.me/head2.gif\"><im','195.218.191.171','Not a flag',0,0,'2011-03-01 14:13:23','2011-11-15 19:33:07'),('94','::1','Rejected',0,0,'2011-03-12 05:05:38','2011-11-15 19:33:08'),('51','::1','Rejected',0,0,'2011-03-12 05:05:38','2011-11-15 19:33:07'),('245','::1','Rejected',0,0,'2011-03-12 05:05:38','2011-11-15 19:33:24'),('141','::1','Rejected',0,0,'2011-03-12 05:05:38','2011-11-15 19:33:07'),('123123','localhost','Rejected',0,0,'2011-03-12 05:10:07','2011-11-15 19:33:20'),('44444444444444444444444','localhost','Rejected',0,0,'2011-03-12 05:10:09','2011-11-15 19:33:08'),('2333333331','localhost','Rejected',0,0,'2011-03-12 05:10:51','2011-11-15 19:33:09'),('142134','telnet/178.46.215.231','Rejected',0,0,'2011-03-12 05:23:55','2011-11-15 19:33:21'),('178','telnet/178.46.215.231','Rejected',0,0,'2011-03-12 05:23:59','2011-11-15 19:33:09'),('47','telnet/178.46.215.231','Rejected',0,0,'2011-03-12 05:23:59','2011-11-15 19:33:09'),('195','telnet/178.46.215.231','Rejected',0,0,'2011-03-12 05:23:59','2011-11-15 19:33:09'),('110','telnet/127.0.0.1','Rejected',0,0,'2011-03-12 05:42:00','2011-11-15 19:33:10'),('111','telnet/127.0.0.1','Rejected',0,0,'2011-03-12 05:42:03','2011-11-15 19:33:10'),('121','telnet/127.0.0.1','Accepted',0,1,'2011-03-12 05:42:05','2011-11-15 19:33:25'),('1331','telnet/127.0.0.1','Rejected',0,0,'2011-03-12 05:42:12','2011-11-15 19:33:11'),('12321','telnet/127.0.0.1','Accepted',0,1,'2011-03-12 05:42:12','2011-11-15 19:33:26'),('41134','telnet/127.0.0.1','Rejected',0,0,'2011-03-12 05:42:36','2011-11-15 19:33:12'),('41','telnet/127.0.0.1','Rejected',0,0,'2011-03-12 05:42:38','2011-11-15 19:33:25'),('1341','telnet/127.0.0.1','Rejected',0,0,'2011-03-12 05:42:39','2011-11-15 19:33:22'),('134','telnet/127.0.0.1','Rejected',0,0,'2011-03-12 05:42:41','2011-11-15 19:33:17'),('23','telnet/127.0.0.1','Rejected',0,0,'2011-03-12 05:43:34','2011-11-15 19:33:14'),('52945','telnet/127.0.0.1','Rejected',0,0,'2011-03-12 05:43:34','2011-11-15 19:33:11'),('27592875','telnet/127.0.0.1','Rejected',0,0,'2011-03-12 05:43:34','2011-11-15 19:33:18'),('9275','telnet/127.0.0.1','Rejected',0,0,'2011-03-12 05:43:34','2011-11-15 19:33:11'),('2475','telnet/127.0.0.1','Rejected',0,0,'2011-03-12 05:43:34','2011-11-15 19:33:12'),('28572','telnet/127.0.0.1','Rejected',0,0,'2011-03-12 05:43:34','2011-11-15 19:33:15'),('58247582','telnet/127.0.0.1','Rejected',0,0,'2011-03-12 05:43:34','2011-11-15 19:33:14'),('58722','telnet/127.0.0.1','Rejected',0,0,'2011-03-12 05:43:34','2011-11-15 19:33:13'),('0','telnet/95.84.202.173','Accepted',0,1,'2011-03-13 08:49:17','2011-11-15 19:33:12'),('1q2w3e4r5t6y7u8i9o0pazsxdcfvgb==','telnet/90.150.108.129','Not a flag',0,0,'2011-03-13 08:51:17','2011-11-15 19:33:12'),('aakdfWERDFV23V542ddggh3rftghtA==','telnet/95.84.202.173','Not a flag',0,0,'2011-03-13 08:52:23','2011-11-15 19:33:12'),('123456789012345678901234567890==','telnet/::ffff:127.0.0.1','Not a flag',0,0,'2011-11-15 15:37:14','2011-11-15 19:33:15');
/*!40000 ALTER TABLE `flags` ENABLE KEYS */;
UNLOCK TABLES;

--
-- Table structure for table `graph`
--

DROP TABLE IF EXISTS `graph`;
/*!40101 SET @saved_cs_client     = @@character_set_client */;
/*!40101 SET character_set_client = utf8 */;
CREATE TABLE `graph` (
  `time_min` int(11) NOT NULL,
  `accepted` int(11) NOT NULL,
  `rejected` int(11) NOT NULL,
  PRIMARY KEY (`time_min`)
) ENGINE=MyISAM DEFAULT CHARSET=latin1;
/*!40101 SET character_set_client = @saved_cs_client */;

--
-- Dumping data for table `graph`
--

LOCK TABLES `graph` WRITE;
/*!40000 ALTER TABLE `graph` DISABLE KEYS */;
INSERT INTO `graph` VALUES (22022962,2,22),(22022963,0,5),(22023059,1,7),(22023069,5,3),(22023070,0,32),(22023071,7,41),(22023075,1,31),(22023092,6,20),(22023093,8,75);
/*!40000 ALTER TABLE `graph` ENABLE KEYS */;
UNLOCK TABLES;
/*!40103 SET TIME_ZONE=@OLD_TIME_ZONE */;

/*!40101 SET SQL_MODE=@OLD_SQL_MODE */;
/*!40014 SET FOREIGN_KEY_CHECKS=@OLD_FOREIGN_KEY_CHECKS */;
/*!40014 SET UNIQUE_CHECKS=@OLD_UNIQUE_CHECKS */;
/*!40101 SET CHARACTER_SET_CLIENT=@OLD_CHARACTER_SET_CLIENT */;
/*!40101 SET CHARACTER_SET_RESULTS=@OLD_CHARACTER_SET_RESULTS */;
/*!40101 SET COLLATION_CONNECTION=@OLD_COLLATION_CONNECTION */;
/*!40111 SET SQL_NOTES=@OLD_SQL_NOTES */;

-- Dump completed on 2011-11-15 23:36:40
